label,metric,point,ci_lo,ci_hi
FART,accuracy,0.893966,0.880213,0.905945
FART,precision,0.878944,0.675082,0.896595
FART,recall,0.738839,0.668263,0.869110
FART,f1,0.773663,0.670956,0.875048
FART,auroc,0.974415,0.968462,0.979275
GNN,accuracy,0.903727,0.890417,0.914818
GNN,precision,0.824561,0.696608,0.894814
GNN,recall,0.812965,0.682963,0.883469
GNN,f1,0.817646,0.732473,0.876002
GNN,auroc,0.977685,0.968272,0.982419
