meta_category,human_median_accuracy,model_accuracy,mean_alpha,n_categories
Meat,0.65,0.6360824742268041,0.06332059896787114,14
Dairy,0.65,0.7333333333333333,0.09609870372886643,10
