difficulty_bin,human_accuracy,model_accuracy,n_pairs,mean_difficulty
Very hard,0.5220037314308755,0.5481283422459893,187,0.11033297328942387
Hard,0.5663050145705519,0.5828877005347594,187,0.3552627138655987
Medium,0.6118708002195716,0.6951871657754011,187,0.6142905777714112
Easy,0.6738824836161735,0.7219251336898396,187,0.9316098513896747
Very easy,0.7646072318770885,0.8663101604278075,187,1.56413945554926
