{
  "individual_panelist": {
    "median_pairwise_accuracy": 0.65,
    "mean_pairwise_accuracy": 0.6140866209262437,
    "std_pairwise_accuracy": 0.20640525812074564,
    "percentiles": {
      "25": 0.5,
      "50": 0.65,
      "75": 0.75,
      "90": 0.85
    },
    "model_exceeds_pct": 59.412521440823326,
    "n_panelists": 627
  },
  "group_size_curve": {
    "effective_panel_size_k_star": 2.9267661131438225,
    "k_values_median": {
      "1": 0.6151885830784913,
      "2": 0.6559633027522935,
      "3": 0.6850152905198776,
      "4": 0.7089704383282365,
      "5": 0.7247706422018348,
      "6": 0.7390417940876657,
      "7": 0.7528032619775739,
      "8": 0.764525993883792,
      "9": 0.7752293577981652,
      "10": 0.7833843017329256,
      "11": 0.790519877675841,
      "12": 0.7981651376146789,
      "13": 0.8063200815494393,
      "14": 0.8103975535168195,
      "15": 0.8180428134556575,
      "16": 0.823394495412844,
      "17": 0.827217125382263,
      "18": 0.8323139653414883,
      "19": 0.8374108053007135,
      "20": 0.8435828877005347,
      "21": 0.8473262032085561,
      "22": 0.8502673796791443,
      "23": 0.8545454545454545,
      "24": 0.8572192513368984,
      "25": 0.8614973262032085,
      "26": 0.8641711229946524,
      "27": 0.8668449197860962,
      "28": 0.8705882352941177,
      "29": 0.8732620320855615,
      "30": 0.8759358288770054,
      "31": 0.8786096256684492,
      "32": 0.8807486631016043,
      "33": 0.8828877005347594,
      "34": 0.8850267379679144,
      "35": 0.8877005347593583,
      "36": 0.8909090909090909,
      "37": 0.8919786096256684,
      "38": 0.8941176470588236,
      "39": 0.8962566844919786,
      "40": 0.8978609625668449,
      "41": 0.9008021390374332,
      "42": 0.9010695187165776,
      "43": 0.9032085561497326,
      "44": 0.9053475935828877,
      "45": 0.906951871657754,
      "46": 0.9085561497326203,
      "47": 0.9106951871657754,
      "48": 0.9117647058823529,
      "49": 0.9133689839572192,
      "50": 0.9155080213903743,
      "51": 0.9163101604278074,
      "52": 0.92,
      "53": 0.9216666666666666,
      "54": 0.9227777777777778,
      "55": 0.925,
      "56": 0.9261111111111111,
      "57": 0.9258620689655173,
      "58": 0.9281609195402298,
      "59": 0.9301724137931034,
      "60": 0.9304597701149425,
      "61": 0.9321839080459771,
      "62": 0.9327586206896552,
      "63": 0.9344827586206896,
      "64": 0.9350574712643678,
      "65": 0.9370689655172414,
      "66": 0.9385057471264368,
      "67": 0.9396551724137931,
      "68": 0.9413793103448276,
      "69": 0.9419540229885057,
      "70": 0.9436781609195403,
      "71": 0.9454022988505747,
      "72": 0.9459302325581396,
      "73": 0.9470930232558139,
      "74": 0.9482558139534883,
      "75": 0.9494186046511628
    }
  },
  "inter_rater_reliability": {
    "overall_krippendorff_alpha": 0.07736835815115484,
    "overall_kendall_w": 0.11684640747041175
  },
  "split_half_reliability": {
    "pairwise_accuracy": 0.8248730964467005,
    "n_iterations": 1000
  },
  "best_model_pairwise_accuracy": 0.6828877005347593,
  "best_model_within_block_accuracy": 0.6611675126903553,
  "best_model_all_pairs_accuracy": 0.6828877005347593,
  "n_blocks": 49,
  "n_categories": 24,
  "seed": 42,
  "n_bootstrap": 1000,
  "bootstrap_cis": {
    "median_pairwise_accuracy_ci": [
      0.65,
      0.65
    ],
    "k_star_ci": [
      2.876225801338954,
      2.996710725456563
    ],
    "model_vs_human_p_value": 0.0,
    "model_all_pairs_accuracy": 0.6828877005347593,
    "observed_diff": 0.03288770053475931
  }
}